[{"data": "-44.319", "time": "0.032"}, {"data": "-45.006", "time": "0.040"}, {"data": "-44.480", "time": "0.048"}, {"data": "-41.986", "time": "0.056"}, {"data": "-41.561", "time": "0.064"}, {"data": "-42.891", "time": "0.072"}, {"data": "-43.967", "time": "0.080"}, {"data": "-44.526", "time": "0.088"}, {"data": "-44.852", "time": "0.096"}, {"data": "-44.375", "time": "0.104"}, {"data": "-44.000", "time": "0.112"}, {"data": "-43.917", "time": "0.120"}, {"data": "-44.062", "time": "0.128"}, {"data": "-44.409", "time": "0.136"}, {"data": "-42.739", "time": "0.144"}, {"data": "-40.692", "time": "0.152"}, {"data": "-40.870", "time": "0.160"}, {"data": "-42.844", "time": "0.168"}, {"data": "-44.749", "time": "0.176"}, {"data": "-45.542", "time": "0.184"}, {"data": "-45.521", "time": "0.192"}, {"data": "-43.886", "time": "0.200"}, {"data": "-42.095", "time": "0.208"}, {"data": "-40.964", "time": "0.216"}, {"data": "-41.419", "time": "0.224"}, {"data": "-44.417", "time": "0.232"}, {"data": "-46.343", "time": "0.240"}, {"data": "-43.855", "time": "0.248"}, {"data": "-41.249", "time": "0.256"}, {"data": "-38.785", "time": "0.264"}, {"data": "-38.245", "time": "0.272"}, {"data": "-39.863", "time": "0.280"}, {"data": "-39.624", "time": "0.288"}, {"data": "-38.855", "time": "0.296"}, {"data": "-39.286", "time": "0.304"}, {"data": "-38.938", "time": "0.312"}, {"data": "-40.476", "time": "0.320"}, {"data": "-43.812", "time": "0.328"}, {"data": "-43.998", "time": "0.336"}, {"data": "-42.750", "time": "0.344"}, {"data": "-42.877", "time": "0.352"}, {"data": "-44.576", "time": "0.360"}, {"data": "-43.634", "time": "0.368"}, {"data": "-42.160", "time": "0.376"}, {"data": "-42.462", "time": "0.384"}, {"data": "-42.062", "time": "0.392"}, {"data": "-40.533", "time": "0.400"}, {"data": "-40.150", "time": "0.408"}, {"data": "-41.862", "time": "0.416"}, {"data": "-44.241", "time": "0.424"}, {"data": "-42.111", "time": "0.432"}, {"data": "-35.816", "time": "0.440"}, {"data": "-25.447", "time": "0.448"}, {"data": "-19.499", "time": "0.456"}, {"data": "-18.039", "time": "0.464"}, {"data": "-19.481", "time": "0.472"}, {"data": "-21.477", "time": "0.480"}, {"data": "-22.955", "time": "0.488"}, {"data": "-24.240", "time": "0.496"}, {"data": "-26.685", "time": "0.504"}, {"data": "-29.465", "time": "0.512"}, {"data": "-29.898", "time": "0.520"}, {"data": "-29.079", "time": "0.528"}, {"data": "-29.596", "time": "0.536"}, {"data": "-31.177", "time": "0.544"}, {"data": "-32.494", "time": "0.552"}, {"data": "-33.549", "time": "0.560"}, {"data": "-35.325", "time": "0.568"}, {"data": "-37.266", "time": "0.576"}, {"data": "-38.567", "time": "0.584"}, {"data": "-37.598", "time": "0.592"}, {"data": "-37.379", "time": "0.600"}, {"data": "-39.520", "time": "0.608"}, {"data": "-41.524", "time": "0.616"}, {"data": "-42.138", "time": "0.624"}, {"data": "-43.348", "time": "0.632"}, {"data": "-44.687", "time": "0.640"}, {"data": "-45.984", "time": "0.648"}, {"data": "-44.841", "time": "0.656"}, {"data": "-36.781", "time": "0.664"}, {"data": "-30.687", "time": "0.672"}, {"data": "-29.136", "time": "0.680"}, {"data": "-31.345", "time": "0.688"}, {"data": "-34.811", "time": "0.696"}, {"data": "-36.974", "time": "0.704"}, {"data": "-38.678", "time": "0.712"}, {"data": "-39.218", "time": "0.720"}, {"data": "-38.702", "time": "0.728"}, {"data": "-38.676", "time": "0.736"}, {"data": "-39.498", "time": "0.744"}, {"data": "-39.855", "time": "0.752"}, {"data": "-38.742", "time": "0.760"}, {"data": "-38.769", "time": "0.768"}, {"data": "-39.853", "time": "0.776"}, {"data": "-41.076", "time": "0.784"}, {"data": "-41.994", "time": "0.792"}, {"data": "-41.325", "time": "0.800"}, {"data": "-41.504", "time": "0.808"}, {"data": "-43.203", "time": "0.816"}, {"data": "-44.578", "time": "0.824"}, {"data": "-44.882", "time": "0.832"}, {"data": "-44.662", "time": "0.840"}, {"data": "-41.518", "time": "0.848"}, {"data": "-38.440", "time": "0.856"}, {"data": "-39.060", "time": "0.864"}, {"data": "-42.777", "time": "0.872"}, {"data": "-43.671", "time": "0.880"}, {"data": "-42.687", "time": "0.888"}, {"data": "-43.212", "time": "0.896"}, {"data": "-44.347", "time": "0.904"}, {"data": "-43.166", "time": "0.912"}, {"data": "-41.269", "time": "0.920"}, {"data": "-42.151", "time": "0.928"}, {"data": "-43.255", "time": "0.936"}, {"data": "-41.470", "time": "0.944"}, {"data": "-40.911", "time": "0.952"}, {"data": "-41.739", "time": "0.960"}, {"data": "-42.153", "time": "0.968"}, {"data": "-42.915", "time": "0.976"}, {"data": "-44.821", "time": "0.984"}, {"data": "-45.556", "time": "0.992"}, {"data": "-45.904", "time": "1.000"}, {"data": "-46.590", "time": "1.008"}, {"data": "-44.943", "time": "1.016"}, {"data": "-44.105", "time": "1.024"}, {"data": "-45.302", "time": "1.032"}, {"data": "-44.346", "time": "1.040"}, {"data": "-43.023", "time": "1.048"}, {"data": "-44.453", "time": "1.056"}, {"data": "-45.472", "time": "1.064"}, {"data": "-44.627", "time": "1.072"}, {"data": "-43.664", "time": "1.080"}, {"data": "-41.524", "time": "1.088"}, {"data": "-40.674", "time": "1.096"}, {"data": "-39.558", "time": "1.104"}, {"data": "-39.115", "time": "1.112"}, {"data": "-40.948", "time": "1.120"}, {"data": "-41.025", "time": "1.128"}, {"data": "-40.150", "time": "1.136"}, {"data": "-41.488", "time": "1.144"}, {"data": "-40.937", "time": "1.152"}, {"data": "-37.670", "time": "1.160"}, {"data": "-36.074", "time": "1.168"}, {"data": "-37.532", "time": "1.176"}, {"data": "-41.129", "time": "1.184"}, {"data": "-42.290", "time": "1.192"}, {"data": "-43.342", "time": "1.200"}, {"data": "-45.640", "time": "1.208"}, {"data": "-46.815", "time": "1.216"}, {"data": "-48.502", "time": "1.224"}, {"data": "-50.957", "time": "1.232"}, {"data": "-51.617", "time": "1.240"}, {"data": "-50.000", "time": "1.248"}, {"data": "-48.500", "time": "1.256"}, {"data": "-47.385", "time": "1.264"}, {"data": "-46.825", "time": "1.272"}, {"data": "-47.344", "time": "1.280"}, {"data": "-48.968", "time": "1.288"}, {"data": "-50.130", "time": "1.296"}, {"data": "-48.968", "time": "1.304"}, {"data": "-48.262", "time": "1.312"}, {"data": "-48.199", "time": "1.320"}, {"data": "-46.181", "time": "1.328"}, {"data": "-44.471", "time": "1.336"}, {"data": "-44.493", "time": "1.344"}, {"data": "-46.300", "time": "1.352"}, {"data": "-46.545", "time": "1.360"}, {"data": "-43.734", "time": "1.368"}, {"data": "-41.337", "time": "1.376"}, {"data": "-41.674", "time": "1.384"}, {"data": "-45.171", "time": "1.392"}, {"data": "-50.444", "time": "1.400"}, {"data": "-49.717", "time": "1.408"}, {"data": "-44.886", "time": "1.416"}, {"data": "-41.240", "time": "1.424"}, {"data": "-40.695", "time": "1.432"}, {"data": "-42.636", "time": "1.440"}, {"data": "-44.535", "time": "1.448"}, {"data": "-45.227", "time": "1.456"}, {"data": "-45.403", "time": "1.464"}, {"data": "-44.071", "time": "1.472"}, {"data": "-43.232", "time": "1.480"}, {"data": "-44.230", "time": "1.488"}, {"data": "-43.742", "time": "1.496"}, {"data": "-41.472", "time": "1.504"}, {"data": "-38.836", "time": "1.512"}, {"data": "-37.253", "time": "1.520"}, {"data": "-38.442", "time": "1.528"}, {"data": "-42.983", "time": "1.536"}, {"data": "-50.608", "time": "1.544"}, {"data": "-56.501", "time": "1.552"}, {"data": "-50.289", "time": "1.560"}, {"data": "-45.314", "time": "1.568"}, {"data": "-42.929", "time": "1.576"}, {"data": "-41.991", "time": "1.584"}, {"data": "-42.274", "time": "1.592"}, {"data": "-43.380", "time": "1.600"}, {"data": "-45.695", "time": "1.608"}, {"data": "-45.770", "time": "1.616"}, {"data": "-42.956", "time": "1.624"}, {"data": "-43.212", "time": "1.632"}, {"data": "-46.434", "time": "1.640"}, {"data": "-49.300", "time": "1.648"}, {"data": "-51.736", "time": "1.656"}, {"data": "-55.159", "time": "1.664"}, {"data": "-57.780", "time": "1.672"}, {"data": "-58.379", "time": "1.680"}, {"data": "-56.760", "time": "1.688"}, {"data": "-55.948", "time": "1.696"}, {"data": "-57.107", "time": "1.704"}, {"data": "-58.279", "time": "1.712"}, {"data": "-58.397", "time": "1.720"}, {"data": "-54.208", "time": "1.728"}, {"data": "-47.332", "time": "1.736"}, {"data": "-43.101", "time": "1.744"}, {"data": "-42.027", "time": "1.752"}, {"data": "-42.470", "time": "1.760"}, {"data": "-40.825", "time": "1.768"}, {"data": "-38.630", "time": "1.776"}, {"data": "-38.142", "time": "1.784"}, {"data": "-39.099", "time": "1.792"}, {"data": "-41.613", "time": "1.800"}, {"data": "-41.919", "time": "1.808"}, {"data": "-36.508", "time": "1.816"}, {"data": "-33.693", "time": "1.824"}, {"data": "-34.818", "time": "1.832"}, {"data": "-38.041", "time": "1.840"}, {"data": "-33.061", "time": "1.848"}, {"data": "-28.756", "time": "1.856"}, {"data": "-28.764", "time": "1.864"}, {"data": "-32.688", "time": "1.872"}, {"data": "-39.551", "time": "1.880"}, {"data": "-46.565", "time": "1.888"}, {"data": "-50.128", "time": "1.896"}, {"data": "-50.700", "time": "1.904"}, {"data": "-46.216", "time": "1.912"}, {"data": "-43.515", "time": "1.920"}, {"data": "-44.302", "time": "1.928"}, {"data": "-47.883", "time": "1.936"}, {"data": "-52.677", "time": "1.944"}, {"data": "-53.111", "time": "1.952"}, {"data": "-47.991", "time": "1.960"}, {"data": "-44.855", "time": "1.968"}, {"data": "-45.114", "time": "1.976"}, {"data": "-47.951", "time": "1.984"}, {"data": "-47.338", "time": "1.992"}, {"data": "-43.889", "time": "2.000"}, {"data": "-43.406", "time": "2.008"}, {"data": "-44.952", "time": "2.016"}, {"data": "-45.047", "time": "2.024"}, {"data": "-45.074", "time": "2.032"}, {"data": "-47.434", "time": "2.040"}, {"data": "-52.018", "time": "2.048"}, {"data": "-54.012", "time": "2.056"}, {"data": "-51.658", "time": "2.064"}, {"data": "-50.630", "time": "2.072"}, {"data": "-52.185", "time": "2.080"}, {"data": "-55.595", "time": "2.088"}, {"data": "-58.367", "time": "2.096"}, {"data": "-58.501", "time": "2.104"}, {"data": "-58.337", "time": "2.112"}, {"data": "-59.664", "time": "2.120"}, {"data": "-59.150", "time": "2.128"}, {"data": "-56.655", "time": "2.136"}, {"data": "-53.556", "time": "2.144"}, {"data": "-49.911", "time": "2.152"}, {"data": "-48.471", "time": "2.160"}, {"data": "-49.737", "time": "2.168"}, {"data": "-53.111", "time": "2.176"}, {"data": "-55.465", "time": "2.184"}, {"data": "-55.660", "time": "2.192"}, {"data": "-55.796", "time": "2.200"}, {"data": "-52.864", "time": "2.208"}, {"data": "-50.644", "time": "2.216"}, {"data": "-50.847", "time": "2.224"}, {"data": "-50.079", "time": "2.232"}, {"data": "-46.421", "time": "2.240"}, {"data": "-44.859", "time": "2.248"}, {"data": "-46.834", "time": "2.256"}, {"data": "-49.911", "time": "2.264"}, {"data": "-50.981", "time": "2.272"}, {"data": "-52.461", "time": "2.280"}, {"data": "-52.639", "time": "2.288"}, {"data": "-54.146", "time": "2.296"}, {"data": "-58.326", "time": "2.304"}, {"data": "-59.797", "time": "2.312"}, {"data": "-57.834", "time": "2.320"}, {"data": "-51.827", "time": "2.328"}, {"data": "-46.873", "time": "2.336"}, {"data": "-45.264", "time": "2.344"}, {"data": "-46.016", "time": "2.352"}, {"data": "-45.344", "time": "2.360"}, {"data": "-44.544", "time": "2.368"}, {"data": "-46.507", "time": "2.376"}, {"data": "-51.509", "time": "2.384"}, {"data": "-58.292", "time": "2.392"}, {"data": "-62.501", "time": "2.400"}, {"data": "-64.535", "time": "2.408"}, {"data": "-64.670", "time": "2.416"}, {"data": "-62.612", "time": "2.424"}, {"data": "-60.814", "time": "2.432"}, {"data": "-59.048", "time": "2.440"}, {"data": "-58.059", "time": "2.448"}, {"data": "-56.137", "time": "2.456"}, {"data": "-54.845", "time": "2.464"}, {"data": "-56.399", "time": "2.472"}, {"data": "-59.597", "time": "2.480"}, {"data": "-57.408", "time": "2.488"}, {"data": "-54.705", "time": "2.496"}, {"data": "-53.459", "time": "2.504"}, {"data": "-50.251", "time": "2.512"}, {"data": "-46.466", "time": "2.520"}, {"data": "-45.674", "time": "2.528"}, {"data": "-48.643", "time": "2.536"}, {"data": "-54.452", "time": "2.544"}, {"data": "-58.289", "time": "2.552"}, {"data": "-58.856", "time": "2.560"}, {"data": "-57.489", "time": "2.568"}, {"data": "-56.228", "time": "2.576"}, {"data": "-56.100", "time": "2.584"}, {"data": "-56.669", "time": "2.592"}, {"data": "-55.975", "time": "2.600"}, {"data": "-56.846", "time": "2.608"}, {"data": "-60.019", "time": "2.616"}, {"data": "-59.476", "time": "2.624"}, {"data": "-56.433", "time": "2.632"}, {"data": "-56.164", "time": "2.640"}, {"data": "-59.016", "time": "2.648"}, {"data": "-59.992", "time": "2.656"}, {"data": "-58.800", "time": "2.664"}, {"data": "-58.976", "time": "2.672"}, {"data": "-59.137", "time": "2.680"}, {"data": "-59.915", "time": "2.688"}, {"data": "-60.293", "time": "2.696"}, {"data": "-59.337", "time": "2.704"}, {"data": "-59.039", "time": "2.712"}, {"data": "-59.056", "time": "2.720"}, {"data": "-59.308", "time": "2.728"}, {"data": "-58.600", "time": "2.736"}, {"data": "-54.380", "time": "2.744"}, {"data": "-50.661", "time": "2.752"}, {"data": "-50.785", "time": "2.760"}, {"data": "-55.003", "time": "2.768"}, {"data": "-60.873", "time": "2.776"}, {"data": "-61.145", "time": "2.784"}, {"data": "-58.137", "time": "2.792"}, {"data": "-57.210", "time": "2.800"}, {"data": "-58.989", "time": "2.808"}, {"data": "-62.424", "time": "2.816"}, {"data": "-65.296", "time": "2.824"}, {"data": "-64.388", "time": "2.832"}, {"data": "-63.679", "time": "2.840"}, {"data": "-64.093", "time": "2.848"}, {"data": "-63.646", "time": "2.856"}, {"data": "-63.774", "time": "2.864"}, {"data": "-64.449", "time": "2.872"}, {"data": "-64.234", "time": "2.880"}, {"data": "-62.777", "time": "2.888"}, {"data": "-61.309", "time": "2.896"}, {"data": "-61.774", "time": "2.904"}, {"data": "-62.395", "time": "2.912"}, {"data": "-63.009", "time": "2.920"}, {"data": "-63.452", "time": "2.928"}, {"data": "-63.371", "time": "2.936"}, {"data": "-62.128", "time": "2.944"}, {"data": "-60.355", "time": "2.952"}, {"data": "-58.413", "time": "2.960"}, {"data": "-57.852", "time": "2.968"}, {"data": "-57.590", "time": "2.976"}, {"data": "-56.327", "time": "2.984"}, {"data": "-56.878", "time": "2.992"}, {"data": "-58.008", "time": "3.000"}, {"data": "-58.459", "time": "3.008"}, {"data": "-59.775", "time": "3.016"}, {"data": "-59.316", "time": "3.024"}, {"data": "-58.948", "time": "3.032"}, {"data": "-59.507", "time": "3.040"}, {"data": "-57.722", "time": "3.048"}, {"data": "-56.461", "time": "3.056"}, {"data": "-55.483", "time": "3.064"}, {"data": "-49.917", "time": "3.072"}, {"data": "-45.484", "time": "3.080"}, {"data": "-44.553", "time": "3.088"}, {"data": "-46.980", "time": "3.096"}, {"data": "-50.217", "time": "3.104"}, {"data": "-47.994", "time": "3.112"}, {"data": "-43.173", "time": "3.120"}, {"data": "-40.759", "time": "3.128"}, {"data": "-41.343", "time": "3.136"}, {"data": "-43.095", "time": "3.144"}, {"data": "-41.773", "time": "3.152"}, {"data": "-39.727", "time": "3.160"}, {"data": "-38.830", "time": "3.168"}, {"data": "-39.696", "time": "3.176"}, {"data": "-42.774", "time": "3.184"}, {"data": "-46.218", "time": "3.192"}, {"data": "-47.580", "time": "3.200"}, {"data": "-45.175", "time": "3.208"}, {"data": "-41.431", "time": "3.216"}, {"data": "-41.130", "time": "3.224"}, {"data": "-44.882", "time": "3.232"}, {"data": "-51.501", "time": "3.240"}, {"data": "-53.818", "time": "3.248"}, {"data": "-54.437", "time": "3.256"}, {"data": "-56.653", "time": "3.264"}, {"data": "-57.783", "time": "3.272"}, {"data": "-57.050", "time": "3.280"}, {"data": "-57.208", "time": "3.288"}, {"data": "-54.811", "time": "3.296"}, {"data": "-51.161", "time": "3.304"}, {"data": "-49.967", "time": "3.312"}, {"data": "-50.691", "time": "3.320"}, {"data": "-52.463", "time": "3.328"}, {"data": "-56.018", "time": "3.336"}, {"data": "-57.191", "time": "3.344"}, {"data": "-53.830", "time": "3.352"}, {"data": "-52.593", "time": "3.360"}, {"data": "-54.002", "time": "3.368"}, {"data": "-56.416", "time": "3.376"}, {"data": "-55.117", "time": "3.384"}, {"data": "-51.355", "time": "3.392"}, {"data": "-50.510", "time": "3.400"}, {"data": "-53.049", "time": "3.408"}, {"data": "-56.926", "time": "3.416"}, {"data": "-58.657", "time": "3.424"}, {"data": "-58.610", "time": "3.432"}, {"data": "-59.621", "time": "3.440"}, {"data": "-58.875", "time": "3.448"}, {"data": "-55.053", "time": "3.456"}, {"data": "-53.513", "time": "3.464"}, {"data": "-54.704", "time": "3.472"}, {"data": "-56.319", "time": "3.480"}, {"data": "-57.451", "time": "3.488"}, {"data": "-58.074", "time": "3.496"}, {"data": "-59.375", "time": "3.504"}, {"data": "-56.247", "time": "3.512"}, {"data": "-39.980", "time": "3.520"}, {"data": "-30.407", "time": "3.528"}, {"data": "-19.783", "time": "3.536"}, {"data": "-11.837", "time": "3.544"}, {"data": "-7.521", "time": "3.552"}, {"data": "-5.614", "time": "3.560"}, {"data": "-4.909", "time": "3.568"}, {"data": "-4.638", "time": "3.576"}, {"data": "-4.272", "time": "3.584"}, {"data": "-3.796", "time": "3.592"}, {"data": "-3.398", "time": "3.600"}, {"data": "-3.083", "time": "3.608"}, {"data": "-2.886", "time": "3.616"}, {"data": "-2.895", "time": "3.624"}, {"data": "-3.078", "time": "3.632"}, {"data": "-3.331", "time": "3.640"}, {"data": "-3.414", "time": "3.648"}, {"data": "-3.062", "time": "3.656"}, {"data": "-2.746", "time": "3.664"}, {"data": "-2.921", "time": "3.672"}, {"data": "-3.265", "time": "3.680"}, {"data": "-2.964", "time": "3.688"}, {"data": "-2.233", "time": "3.696"}, {"data": "-1.973", "time": "3.704"}, {"data": "-1.976", "time": "3.712"}, {"data": "-1.962", "time": "3.720"}, {"data": "-1.900", "time": "3.728"}, {"data": "-1.854", "time": "3.736"}, {"data": "-1.867", "time": "3.744"}, {"data": "-1.917", "time": "3.752"}, {"data": "-1.949", "time": "3.760"}, {"data": "-1.948", "time": "3.768"}, {"data": "-1.992", "time": "3.776"}, {"data": "-2.088", "time": "3.784"}, {"data": "-2.256", "time": "3.792"}, {"data": "-2.554", "time": "3.800"}, {"data": "-2.959", "time": "3.808"}, {"data": "-3.429", "time": "3.816"}, {"data": "-4.064", "time": "3.824"}, {"data": "-4.899", "time": "3.832"}, {"data": "-5.296", "time": "3.840"}, {"data": "-5.851", "time": "3.848"}, {"data": "-8.323", "time": "3.856"}, {"data": "-13.184", "time": "3.864"}, {"data": "-18.522", "time": "3.872"}, {"data": "-19.629", "time": "3.880"}, {"data": "-20.117", "time": "3.888"}, {"data": "-20.735", "time": "3.896"}, {"data": "-20.526", "time": "3.904"}, {"data": "-21.220", "time": "3.912"}, {"data": "-23.340", "time": "3.920"}, {"data": "-25.234", "time": "3.928"}, {"data": "-26.604", "time": "3.936"}, {"data": "-26.688", "time": "3.944"}, {"data": "-18.753", "time": "3.952"}, {"data": "-10.962", "time": "3.960"}, {"data": "-6.774", "time": "3.968"}, {"data": "-5.390", "time": "3.976"}, {"data": "-4.812", "time": "3.984"}, {"data": "-4.159", "time": "3.992"}, {"data": "-4.139", "time": "4.000"}, {"data": "-4.470", "time": "4.008"}, {"data": "-4.652", "time": "4.016"}, {"data": "-4.600", "time": "4.024"}, {"data": "-4.367", "time": "4.032"}, {"data": "-4.301", "time": "4.040"}, {"data": "-4.589", "time": "4.048"}, {"data": "-5.117", "time": "4.056"}, {"data": "-5.376", "time": "4.064"}, {"data": "-5.397", "time": "4.072"}, {"data": "-5.393", "time": "4.080"}, {"data": "-5.287", "time": "4.088"}, {"data": "-5.334", "time": "4.096"}]